                  epoch,         train/box_loss,         train/seg_loss,         train/cls_loss,         train/dfl_loss,   metrics/precision(B),      metrics/recall(B),       metrics/mAP50(B),    metrics/mAP50-95(B),   metrics/precision(M),      metrics/recall(M),       metrics/mAP50(M),    metrics/mAP50-95(M),           val/box_loss,           val/seg_loss,           val/cls_loss,           val/dfl_loss,                 lr/pg0,                 lr/pg1,                 lr/pg2
                      1,                0.72358,                 1.4134,                 1.5967,                 1.0041,                 0.8578,                0.90464,                 0.9219,                0.75922,                0.86597,                0.88643,                0.91684,                0.67385,                0.52001,                0.88922,                0.62517,                 0.7711,             0.00025556,             0.00025556,             0.00025556
                      2,                0.59404,                0.97054,                0.66528,                 0.9407,                0.92186,                0.93801,                0.95182,                0.79385,                0.92532,                0.93384,                0.94678,                0.72446,                0.53032,                0.80354,                0.53836,                 0.7793,             0.00050683,             0.00050683,             0.00050683
                      3,                0.58076,                 0.9113,                 0.6009,                0.93259,                0.88279,                 0.9051,                0.94001,                0.79133,                0.88803,                0.90816,                0.94405,                0.69572,                0.49498,                0.79186,                0.55641,                 0.7581,             0.00075302,             0.00075302,             0.00075302
                      4,                0.55995,                0.86922,                0.55003,                 0.9257,                0.95157,                0.93223,                0.95704,                0.81621,                0.95224,                0.93182,                0.95681,                0.74053,                0.46544,                0.67981,                0.46335,                0.74989,             0.00074616,             0.00074616,             0.00074616
